game_id;category_id;title;description;price;stock_quantity;min_players;max_players;age_rating;image
1;1;Каркассон;Классическая стратегия;2990.00;15;2;5;8+;
2;2;Манчкин;Юмористическая карточная;1890.00;10;3;6;12+;
3;1;Колонизаторы;Экономическая стратегия;3490.00;5;3;4;10+;
4;3;Мрачная гавань;Кооперативная игра;5990.00;3;2;4;14+;
5;4;Тетрис;Головоломка;990.00;20;1;1;6+;
6;1;Цитадели;Стратегия с блефом;2490.00;8;2;8;10+;
7;2;Уно;Карточная игра;590.00;25;2;10;7+;
8;2;Покер;Классическая карточная;890.00;12;2;8;18+;
9;5;Монополия;Экономическая игра;2290.00;6;2;8;8+;
10;3;Пандемия;Кооперативная стратегия;3990.00;4;2;4;10+;
11;6;Остров сокровищ;Приключенческая игра;3290.00;5;2;5;10+;
12;7;Вархаммер;Военная стратегия;6990.00;2;2;4;14+;
13;8;Семейная викторина;Игра для всей семьи;1490.00;10;2;6;8+;
14;9;Крокодил;Пати-игра;1290.00;15;4;12;12+;
15;10;Шахматы;Классическая абстрактная;790.00;20;2;2;6+;
16;1;Каркассон: Охотники;Дополнение;2590.00;7;2;5;8+;
17;2;Манчкин 2;Дополнение;1890.00;8;3;6;12+;
18;3;Запретный остров;Кооперативная;2990.00;6;2;4;10+;
19;4;Судоку;Головоломка;490.00;30;1;1;8+;
20;5;Бизнес;Экономическая;1990.00;5;2;6;12+;
21;6;Индиана Джонс;Приключение;2490.00;6;2;4;10+;
22;7;Сталинград;Варгейм;4590.00;3;2;4;14+;
23;8;Лото;Семейная;690.00;25;2;10;5+;
24;9;Твистер;Пати-игра;1190.00;12;2;6;6+;
25;10;Го;Абстрактная;1490.00;8;2;2;10+;
26;1;Риск;Стратегия;2990.00;7;2;6;10+;
27;2;UNO Flip;Карточная;690.00;18;2;10;7+;
28;3;Манчкин: Ктулху;Кооперативная карточная;2290.00;5;3;6;14+;
29;4;Пятнашки;Головоломка;390.00;25;1;1;6+;
30;5;Миллионер;Экономическая;1690.00;8;2;6;10+;
31;6;Пираты Карибского;Приключение;3290.00;4;2;5;12+;
32;7;Битва за Москву;Варгейм;5290.00;2;2;4;14+;
33;8;Мафия;Семейная;1190.00;15;6;15;16+;
34;9;Alias;Пати-игра;1590.00;10;4;8;12+;
35;10;Нарды;Абстрактная;890.00;12;2;2;6+;
36;1;Twilight Struggle;Стратегия;7990.00;2;2;2;14+;
37;2;Берсерк;Карточная;1690.00;9;2;4;12+;
38;3;Спартак;Кооперативная стратегия;3990.00;4;3;4;14+;
39;4;Лабиринт;Головоломка;790.00;20;2;4;6+;
40;5;Монополия: Россия;Экономическая;2490.00;5;2;6;8+;
41;6;Хоббит;Приключение;2990.00;6;2;5;10+;
42;7;Вторая мировая;Варгейм;3990.00;3;2;4;12+;
43;8;Дженга;Семейная;890.00;20;1;8;6+;
44;9;Правда или действие;Пати-игра;990.00;18;4;12;16+;
45;10;Реверси;Абстрактная;790.00;15;2;2;8+;
46;1;Дипломатия;Стратегия;3590.00;4;2;7;12+;
47;2;Сет;Карточная логическая;990.00;12;2;6;10+;
48;3;Мертвый сезон;Кооперативная;2990.00;5;2;4;14+;
49;4;Пифагор;Головоломка;590.00;20;1;4;6+;
50;5;Экономикус;Экономическая;1890.00;8;2;5;12+;