category_id;category_name;description
1;Стратегия;Стратегические настольные игры
2;Карточная;Карточные игры
3;Кооперативная;Кооперативные игры
4;Головоломка;Логические головоломки
5;Экономическая;Экономические стратегии
6;Приключение;Приключенческие игры
7;Варгейм;Военные стратегии
8;Семейная;Семейные игры для всех возрастов
9;Пати-игра;Игры для вечеринок
10;Абстрактная;Абстрактные логические игры
11;Еврогейм;Современные европейские игры
12;Америтреш;Американские приключенческие игры
13;Детектив;Детективные игры
14;Хоррор;Игры ужасов
15;Квест;Квесты и эскейп-румы
16;Ролевая;Настольные ролевые игры
17;Дуэльная;Игры для двух игроков
18;Миниатюры;Игры с миниатюрами
19;Детская;Игры для детей
20;Обучающая;Обучающие игры
21;Спортивная;Спортивные симуляторы
22;Гонки;Гоночные игры
23;Космос;Космическая тематика
24;Фэнтези;Фэнтези-тематика
25;Историческая;Исторические игры
26;Мифическая;Мифология и легенды
27;Средневековье;Игры про средневековье
28;Стимпанк;Стимпанк-тематика
29;Киберпанк;Киберпанк-тематика
30;Постапокалипсис;Игры после апокалипсиса
31;Пиратская;Пиратская тематика
32;Детективная;Детективные расследования
33;Мафия;Игры про мафию
34;Логическая;Логические задачи
35;Математическая;Математические игры
36;Словесная;Словесные игры
37;Рисовальная;Игры с рисованием
38;Музыкальная;Музыкальные игры
39;Кулинарная;Кулинарные игры
40;Фермерская;Фермерские симуляторы
41;Градостроительная;Строительство городов
42;Железнодорожная;Железнодорожные игры
43;Морская;Морская тематика
44;Авиационная;Авиационные игры
45;Восточная;Восточная тематика
46;Западная;Вестерн-тематика
47;Мистическая;Мистические игры
48;Шпионская;Шпионские игры
49;Юмористическая;Юмористические игры
50;Партийная;Игры для больших компаний