customer_id;full_name;phone
1;Кузнецов Алексей Петрович;+7 (910) 100-10-01
2;Смирнова Ольга Ивановна;+7 (910) 100-10-02
3;Фёдоров Николай Андреевич;+7 (910) 100-10-03
4;Морозова Екатерина Сергеевна;+7 (910) 100-10-04
5;Волков Дмитрий Олегович;+7 (910) 100-10-05
6;Зайцева Анна Игоревна;+7 (910) 100-10-06
7;Лебедев Максим Сергеевич;+7 (910) 100-10-07
8;Соколова Мария Петровна;+7 (910) 100-10-08
9;Попов Андрей Викторович;+7 (910) 100-10-09
10;Новикова Елена Андреевна;+7 (910) 100-10-10
11;Козлов Игорь Владимирович;+7 (910) 100-10-11
12;Семёнова Татьяна Ивановна;+7 (910) 100-10-12
13;Голубев Сергей Николаевич;+7 (910) 100-10-13
14;Виноградова Ирина Олеговна;+7 (910) 100-10-14
15;Богданов Алексей Сергеевич;+7 (910) 100-10-15
16;Воробьёва Ольга Викторовна;+7 (910) 100-10-16
17;Фролов Денис Андреевич;+7 (910) 100-10-17
18;Орлова Наталья Петровна;+7 (910) 100-10-18
19;Киселёв Роман Игоревич;+7 (910) 100-10-19
20;Макарова Юлия Сергеевна;+7 (910) 100-10-20
21;Андреев Павел Олегович;+7 (910) 100-10-21
22;Ильина Светлана Ивановна;+7 (910) 100-10-22
23;Гусев Владимир Петрович;+7 (910) 100-10-23
24;Титова Екатерина Сергеевна;+7 (910) 100-10-24
25;Комаров Артём Игоревич;+7 (910) 100-10-25
26;Белова Елена Николаевна;+7 (910) 100-10-26
27;Тарасов Дмитрий Сергеевич;+7 (910) 100-10-27
28;Павлова Марина Олеговна;+7 (910) 100-10-28
29;Егоров Игорь Владимирович;+7 (910) 100-10-29
30;Никитина Анна Петровна;+7 (910) 100-10-30
31;Марков Сергей Андреевич;+7 (910) 100-10-31
32;Крылова Юлия Ивановна;+7 (910) 100-10-32
33;Дмитриев Николай Сергеевич;+7 (910) 100-10-33
34;Алексеева Ирина Олеговна;+7 (910) 100-10-34
35;Степанов Артём Викторович;+7 (910) 100-10-35
36;Григорьева Елена Сергеевна;+7 (910) 100-10-36
37;Петухов Максим Игоревич;+7 (910) 100-10-37
38;Никифорова Ольга Петровна;+7 (910) 100-10-38
39;Тихонов Денис Олегович;+7 (910) 100-10-39
40;Ефимова Татьяна Сергеевна;+7 (910) 100-10-40
41;Филиппов Владимир Андреевич;+7 (910) 100-10-41
42;Романова Светлана Ивановна;+7 (910) 100-10-42
43;Герасимов Павел Сергеевич;+7 (910) 100-10-43
44;Данилова Екатерина Олеговна;+7 (910) 100-10-44
45;Ковалёв Роман Викторович;+7 (910) 100-10-45
46;Максимова Анна Николаевна;+7 (910) 100-10-46
47;Сорокин Дмитрий Петрович;+7 (910) 100-10-47
48;Борисова Ольга Сергеевна;+7 (910) 100-10-48
49;Панкратов Алексей Олегович;+7 (910) 100-10-49
50;Шестакова Мария Андреевна;+7 (910) 100-10-50