order_id;customer_id;user_id;status_id;order_date;completion_date;discount;total_without_discount;total_with_discount;total_amount;shipping_address
1;1;21;1;2026-09-01 10:00:00;;10.00;5980.00;5382.00;5382.00;г. Москва, ул. Ленина, д.1
2;2;21;2;2026-09-01 15:00:00;;0.00;1890.00;1890.00;1890.00;г. Москва, ул. Гагарина, д.5
3;3;22;3;2026-09-02 10:00:00;2026-09-03 10:00:00;10.00;6980.00;6282.00;6282.00;г. Москва, ул. Пушкина, д.10
4;4;22;4;2026-09-02 15:00:00;;10.00;5990.00;5391.00;5391.00;г. Москва, ул. Мира, д.15
5;5;23;1;2026-09-03 10:00:00;;0.00;1980.00;1980.00;1980.00;г. Москва, ул. Садовая, д.20
6;6;23;2;2026-09-03 15:00:00;;5.00;2490.00;2365.50;2365.50;г. Москва, ул. Тверская, д.8
7;7;24;3;2026-09-04 10:00:00;2026-09-05 10:00:00;0.00;1180.00;1180.00;1180.00;г. Москва, ул. Арбат, д.12
8;8;24;4;2026-09-04 15:00:00;;0.00;890.00;890.00;890.00;г. Москва, ул. Новая, д.3
9;9;25;1;2026-09-05 10:00:00;;5.00;4580.00;4351.00;4351.00;г. Москва, ул. Старая, д.7
10;10;25;2;2026-09-05 15:00:00;;5.00;3990.00;3790.50;3790.50;г. Москва, ул. Центральная, д.22
11;11;26;3;2026-09-06 10:00:00;2026-09-07 10:00:00;10.00;6580.00;5922.00;5922.00;г. Москва, ул. Лесная, д.9
12;12;26;4;2026-09-06 15:00:00;;10.00;6990.00;6291.00;6291.00;г. Москва, ул. Полевая, д.14
13;13;27;1;2026-09-07 10:00:00;;5.00;2980.00;2831.00;2831.00;г. Москва, ул. Речная, д.6
14;14;27;2;2026-09-07 15:00:00;;0.00;1290.00;1290.00;1290.00;г. Москва, ул. Горная, д.11
15;15;28;3;2026-09-08 10:00:00;2026-09-09 10:00:00;0.00;1580.00;1580.00;1580.00;г. Москва, ул. Морская, д.18
16;16;28;4;2026-09-08 15:00:00;;5.00;2590.00;2460.50;2460.50;г. Москва, ул. Солнечная, д.4
17;17;29;1;2026-09-09 10:00:00;;5.00;3780.00;3591.00;3591.00;г. Москва, ул. Лунная, д.21
18;18;29;2;2026-09-09 15:00:00;;5.00;2990.00;2840.50;2840.50;г. Москва, ул. Звёздная, д.2
19;19;30;3;2026-09-10 10:00:00;2026-09-11 10:00:00;0.00;980.00;980.00;980.00;г. Москва, ул. Небесная, д.13
20;20;30;4;2026-09-10 15:00:00;;0.00;1990.00;1990.00;1990.00;г. Москва, ул. Земляная, д.17
21;21;31;1;2026-09-11 10:00:00;;5.00;4980.00;4731.00;4731.00;г. Москва, ул. Водная, д.19
22;22;31;2;2026-09-11 15:00:00;;5.00;4590.00;4360.50;4360.50;г. Москва, ул. Огненная, д.8
23;23;32;3;2026-09-12 10:00:00;2026-09-13 10:00:00;0.00;1380.00;1380.00;1380.00;г. Москва, ул. Воздушная, д.16
24;24;32;4;2026-09-12 15:00:00;;0.00;1190.00;1190.00;1190.00;г. Москва, ул. Каменная, д.5
25;25;33;1;2026-09-13 10:00:00;;5.00;2980.00;2831.00;2831.00;г. Москва, ул. Деревянная, д.7
26;26;33;2;2026-09-13 15:00:00;;5.00;2990.00;2840.50;2840.50;г. Москва, ул. Металлическая, д.9
27;27;34;3;2026-09-14 10:00:00;2026-09-15 10:00:00;0.00;1380.00;1380.00;1380.00;г. Москва, ул. Стеклянная, д.11
28;28;34;4;2026-09-14 15:00:00;;5.00;2290.00;2175.50;2175.50;г. Москва, ул. Пластиковая, д.13
29;29;35;1;2026-09-15 10:00:00;;0.00;780.00;780.00;780.00;г. Москва, ул. Резиновая, д.15
30;30;35;2;2026-09-15 15:00:00;;0.00;1690.00;1690.00;1690.00;г. Москва, ул. Бумажная, д.17
31;31;36;3;2026-09-16 10:00:00;2026-09-17 10:00:00;10.00;6580.00;5922.00;5922.00;г. Москва, ул. Картонная, д.19
32;32;36;4;2026-09-16 15:00:00;;10.00;5290.00;4761.00;4761.00;г. Москва, ул. Тканевая, д.21
33;33;37;1;2026-09-17 10:00:00;;5.00;2380.00;2261.00;2261.00;г. Москва, ул. Кожаная, д.23
34;34;37;2;2026-09-17 15:00:00;;0.00;1590.00;1590.00;1590.00;г. Москва, ул. Меховая, д.25
35;35;38;3;2026-09-18 10:00:00;2026-09-19 10:00:00;0.00;1780.00;1780.00;1780.00;г. Москва, ул. Шерстяная, д.27
36;36;38;4;2026-09-18 15:00:00;;10.00;7990.00;7191.00;7191.00;г. Москва, ул. Хлопковая, д.29
37;37;39;1;2026-09-19 10:00:00;;5.00;3380.00;3211.00;3211.00;г. Москва, ул. Льняная, д.31
38;38;39;2;2026-09-19 15:00:00;;5.00;3990.00;3790.50;3790.50;г. Москва, ул. Шелковая, д.33
39;39;40;3;2026-09-20 10:00:00;2026-09-21 10:00:00;0.00;1580.00;1580.00;1580.00;г. Москва, ул. Атласная, д.35
40;40;40;4;2026-09-20 15:00:00;;5.00;2490.00;2365.50;2365.50;г. Москва, ул. Бархатная, д.37
41;41;41;1;2026-09-21 10:00:00;;10.00;5980.00;5382.00;5382.00;г. Москва, ул. Парчовая, д.39
42;42;41;2;2026-09-21 15:00:00;;5.00;3990.00;3790.50;3790.50;г. Москва, ул. Сатиновая, д.41
43;43;42;3;2026-09-22 10:00:00;2026-09-23 10:00:00;0.00;1780.00;1780.00;1780.00;г. Москва, ул. Габардиновая, д.43
44;44;42;4;2026-09-22 15:00:00;;0.00;990.00;990.00;990.00;г. Москва, ул. Трикотажная, д.45
45;45;43;1;2026-09-23 10:00:00;;0.00;1580.00;1580.00;1580.00;г. Москва, ул. Вязаная, д.47
46;46;43;2;2026-09-23 15:00:00;;5.00;3590.00;3410.50;3410.50;г. Москва, ул. Плетёная, д.49
47;47;44;3;2026-09-24 10:00:00;2026-09-25 10:00:00;0.00;1980.00;1980.00;1980.00;г. Москва, ул. Кружевная, д.51
48;48;44;4;2026-09-24 15:00:00;;5.00;2990.00;2840.50;2840.50;г. Москва, ул. Вышитая, д.53
49;49;45;1;2026-09-25 10:00:00;;0.00;1180.00;1180.00;1180.00;г. Москва, ул. Швейная, д.55
50;50;45;2;2026-09-25 15:00:00;;0.00;1890.00;1890.00;1890.00;г. Москва, ул. Портновская, д.57