order_item_id;order_id;game_id;quantity;unit_price
1;1;1;2;2990.00
2;2;2;1;1890.00
3;3;3;2;3490.00
4;4;4;1;5990.00
5;5;5;2;990.00
6;6;6;1;2490.00
7;7;7;2;590.00
8;8;8;1;890.00
9;9;9;2;2290.00
10;10;10;1;3990.00
11;11;11;2;3290.00
12;12;12;1;6990.00
13;13;13;2;1490.00
14;14;14;1;1290.00
15;15;15;2;790.00
16;16;16;1;2590.00
17;17;17;2;1890.00
18;18;18;1;2990.00
19;19;19;2;490.00
20;20;20;1;1990.00
21;21;21;2;2490.00
22;22;22;1;4590.00
23;23;23;2;690.00
24;24;24;1;1190.00
25;25;25;2;1490.00
26;26;26;1;2990.00
27;27;27;2;690.00
28;28;28;1;2290.00
29;29;29;2;390.00
30;30;30;1;1690.00
31;31;31;2;3290.00
32;32;32;1;5290.00
33;33;33;2;1190.00
34;34;34;1;1590.00
35;35;35;2;890.00
36;36;36;1;7990.00
37;37;37;2;1690.00
38;38;38;1;3990.00
39;39;39;2;790.00
40;40;40;1;2490.00
41;41;41;2;2990.00
42;42;42;1;3990.00
43;43;43;2;890.00
44;44;44;1;990.00
45;45;45;2;790.00
46;46;46;1;3590.00
47;47;47;2;990.00
48;48;48;1;2990.00
49;49;49;2;590.00
50;50;50;1;1890.00