user_id;full_name;login;password_hash;role;phone;registration_date
1;Иванов Иван Иванович;admin1;hash_a1;Администратор;+7 (900) 100-00-01;2026-09-01 10:00:00
2;Петров Пётр Петрович;admin2;hash_a2;Администратор;+7 (900) 100-00-02;2026-09-01 10:00:00
3;Сидоров Сидор Сидорович;admin3;hash_a3;Администратор;+7 (900) 100-00-03;2026-09-01 10:00:00
4;Кузнецов Алексей Николаевич;admin4;hash_a4;Администратор;+7 (900) 100-00-04;2026-09-01 10:00:00
5;Смирнов Дмитрий Сергеевич;admin5;hash_a5;Администратор;+7 (900) 100-00-05;2026-09-01 10:00:00
6;Волкова Ольга Ивановна;manager1;hash_m1;Товаровед;+7 (900) 100-00-06;2026-09-01 10:00:00
7;Морозов Артём Петрович;manager2;hash_m2;Товаровед;+7 (900) 100-00-07;2026-09-01 10:00:00
8;Зайцева Анна Игоревна;manager3;hash_m3;Товаровед;+7 (900) 100-00-08;2026-09-01 10:00:00
9;Лебедев Максим Сергеевич;manager4;hash_m4;Товаровед;+7 (900) 100-00-09;2026-09-01 10:00:00
10;Соколова Мария Петровна;manager5;hash_m5;Товаровед;+7 (900) 100-00-10;2026-09-01 10:00:00
11;Попова Елена Викторовна;manager6;hash_m6;Товаровед;+7 (900) 100-00-11;2026-09-01 10:00:00
12;Новиков Андрей Олегович;manager7;hash_m7;Товаровед;+7 (900) 100-00-12;2026-09-01 10:00:00
13;Козлов Игорь Владимирович;manager8;hash_m8;Товаровед;+7 (900) 100-00-13;2026-09-01 10:00:00
14;Семёнова Татьяна Ивановна;manager9;hash_m9;Товаровед;+7 (900) 100-00-14;2026-09-01 10:00:00
15;Голубев Сергей Николаевич;manager10;hash_m10;Товаровед;+7 (900) 100-00-15;2026-09-01 10:00:00
16;Виноградова Ирина Олеговна;manager11;hash_m11;Товаровед;+7 (900) 100-00-16;2026-09-01 10:00:00
17;Богданов Алексей Сергеевич;manager12;hash_m12;Товаровед;+7 (900) 100-00-17;2026-09-01 10:00:00
18;Воробьёва Ольга Викторовна;manager13;hash_m13;Товаровед;+7 (900) 100-00-18;2026-09-01 10:00:00
19;Фролов Денис Андреевич;manager14;hash_m14;Товаровед;+7 (900) 100-00-19;2026-09-01 10:00:00
20;Орлова Наталья Петровна;manager15;hash_m15;Товаровед;+7 (900) 100-00-20;2026-09-01 10:00:00
21;Киселёв Роман Игоревич;seller1;hash_s1;Продавец;+7 (900) 100-00-21;2026-09-01 10:00:00
22;Макарова Юлия Сергеевна;seller2;hash_s2;Продавец;+7 (900) 100-00-22;2026-09-01 10:00:00
23;Андреев Павел Олегович;seller3;hash_s3;Продавец;+7 (900) 100-00-23;2026-09-01 10:00:00
24;Ильина Светлана Ивановна;seller4;hash_s4;Продавец;+7 (900) 100-00-24;2026-09-01 10:00:00
25;Гусев Владимир Петрович;seller5;hash_s5;Продавец;+7 (900) 100-00-25;2026-09-01 10:00:00
26;Титова Екатерина Сергеевна;seller6;hash_s6;Продавец;+7 (900) 100-00-26;2026-09-01 10:00:00
27;Комаров Артём Игоревич;seller7;hash_s7;Продавец;+7 (900) 100-00-27;2026-09-01 10:00:00
28;Белова Елена Николаевна;seller8;hash_s8;Продавец;+7 (900) 100-00-28;2026-09-01 10:00:00
29;Тарасов Дмитрий Сергеевич;seller9;hash_s9;Продавец;+7 (900) 100-00-29;2026-09-01 10:00:00
30;Павлова Марина Олеговна;seller10;hash_s10;Продавец;+7 (900) 100-00-30;2026-09-01 10:00:00
31;Егоров Игорь Владимирович;seller11;hash_s11;Продавец;+7 (900) 100-00-31;2026-09-01 10:00:00
32;Никитина Анна Петровна;seller12;hash_s12;Продавец;+7 (900) 100-00-32;2026-09-01 10:00:00
33;Марков Сергей Андреевич;seller13;hash_s13;Продавец;+7 (900) 100-00-33;2026-09-01 10:00:00
34;Крылова Юлия Ивановна;seller14;hash_s14;Продавец;+7 (900) 100-00-34;2026-09-01 10:00:00
35;Дмитриев Николай Сергеевич;seller15;hash_s15;Продавец;+7 (900) 100-00-35;2026-09-01 10:00:00
36;Алексеева Ирина Олеговна;seller16;hash_s16;Продавец;+7 (900) 100-00-36;2026-09-01 10:00:00
37;Степанов Артём Викторович;seller17;hash_s17;Продавец;+7 (900) 100-00-37;2026-09-01 10:00:00
38;Григорьева Елена Сергеевна;seller18;hash_s18;Продавец;+7 (900) 100-00-38;2026-09-01 10:00:00
39;Петухов Максим Игоревич;seller19;hash_s19;Продавец;+7 (900) 100-00-39;2026-09-01 10:00:00
40;Никифорова Ольга Петровна;seller20;hash_s20;Продавец;+7 (900) 100-00-40;2026-09-01 10:00:00
41;Тихонов Денис Олегович;seller21;hash_s21;Продавец;+7 (900) 100-00-41;2026-09-01 10:00:00
42;Ефимова Татьяна Сергеевна;seller22;hash_s22;Продавец;+7 (900) 100-00-42;2026-09-01 10:00:00
43;Филиппов Владимир Андреевич;seller23;hash_s23;Продавец;+7 (900) 100-00-43;2026-09-01 10:00:00
44;Романова Светлана Ивановна;seller24;hash_s24;Продавец;+7 (900) 100-00-44;2026-09-01 10:00:00
45;Герасимов Павел Сергеевич;seller25;hash_s25;Продавец;+7 (900) 100-00-45;2026-09-01 10:00:00
46;Данилова Екатерина Олеговна;seller26;hash_s26;Продавец;+7 (900) 100-00-46;2026-09-01 10:00:00
47;Ковалёв Роман Викторович;seller27;hash_s27;Продавец;+7 (900) 100-00-47;2026-09-01 10:00:00
48;Максимова Анна Николаевна;seller28;hash_s28;Продавец;+7 (900) 100-00-48;2026-09-01 10:00:00
49;Сорокин Дмитрий Петрович;seller29;hash_s29;Продавец;+7 (900) 100-00-49;2026-09-01 10:00:00
50;Борисова Ольга Сергеевна;seller30;hash_s30;Продавец;+7 (900) 100-00-50;2026-09-01 10:00:00